held_out_subject,n_train,n_test,n_selected_features,corr,top_k,cold_total_time_seconds,cold_train_time_seconds,warm_total_time_seconds,warm_cache_load_time_seconds,feature_selection_time_seconds,cache_write_time_seconds,cache_size_mb,time_saved_seconds,speedup_cold_vs_warm,mb_per_second_saved,accuracy_cold,accuracy_warm,predictions_match,subject_count,tree_count
Subject_1,1910,914,30,,30.0,0.09394168853759766,0.04115128517150879,0.040795087814331055,0.0058634281158447266,0.005025386810302734,0.017278194427490234,0.40069007873535156,0.0531466007232666,2.3027696119971712,7.539335974124434,0.7527352297592997,0.7527352297592997,True,3,25
Subject_2,1911,913,30,,30.0,0.08020496368408203,0.02929210662841797,0.042491912841796875,0.004557609558105469,0.005308866500854492,0.014897823333740234,0.33145999908447266,0.037713050842285156,1.8875347876829158,8.788999873561766,0.6615553121577218,0.6615553121577218,True,3,25
Subject_3,1827,997,30,,30.0,0.08400487899780273,0.02992558479309082,0.04278206825256348,0.00537419319152832,0.0061130523681640625,0.015822649002075195,0.36601734161376953,0.04122281074523926,1.963553479973919,8.879000121456787,0.6800401203610833,0.6800401203610833,True,3,25
Subject_1,1910,914,30,,30.0,0.12569046020507812,0.056809186935424805,0.048685312271118164,0.010509729385375977,0.005736112594604492,0.031688690185546875,0.8025608062744141,0.07700514793395996,2.581691568601525,10.42217082632832,0.7811816192560175,0.7811816192560175,True,3,50
Subject_2,1911,913,30,,30.0,0.12195515632629395,0.057442665100097656,0.04645514488220215,0.009391069412231445,0.005514383316040039,0.027826547622680664,0.6605319976806641,0.0755000114440918,2.625223893619096,8.748766855085735,0.6670317634173056,0.6670317634173056,True,3,50
Subject_3,1827,997,30,,30.0,0.12189602851867676,0.05500960350036621,0.04644656181335449,0.011535882949829102,0.0044803619384765625,0.0300447940826416,0.7279014587402344,0.07544946670532227,2.6244359918074442,9.647536165936712,0.6840521564694082,0.6840521564694082,True,3,50
Subject_1,1910,914,30,,30.0,0.1908252239227295,0.0896458625793457,0.07118487358093262,0.023723125457763672,0.005627632141113281,0.0641164779663086,1.6108713150024414,0.11964035034179688,2.680699063204397,13.46428115932787,0.7778993435448578,0.7778993435448578,True,3,100
Subject_2,1911,913,30,,30.0,0.20787811279296875,0.09296989440917969,0.06957244873046875,0.0187835693359375,0.005518436431884766,0.05539989471435547,1.3150520324707031,0.1383056640625,2.987937273823884,9.508302074139452,0.6801752464403067,0.6801752464403067,True,3,100
Subject_3,1827,997,30,,30.0,0.185105562210083,0.09018445014953613,0.06113147735595703,0.020946502685546875,0.00500798225402832,0.05891609191894531,1.4413728713989258,0.12397408485412598,3.027990982979985,11.626404607825226,0.6780341023069207,0.6780341023069207,True,3,100
Subject_1,1910,914,30,,30.0,0.3526914119720459,0.1672985553741455,0.10640692710876465,0.04839611053466797,0.005150556564331055,0.1289198398590088,3.2368526458740234,0.24628448486328125,3.3145531175008904,13.142738762739691,0.7800875273522976,0.7800875273522976,True,3,200
Subject_2,1911,913,30,,30.0,0.3208963871002197,0.1566016674041748,0.11399340629577637,0.04070258140563965,0.005738258361816406,0.10564041137695312,2.630359649658203,0.20690298080444336,2.815043409331908,12.713009930699435,0.6812705366922235,0.6812705366922235,True,3,200
Subject_3,1827,997,30,,30.0,0.3341367244720459,0.1625654697418213,0.10112261772155762,0.043074607849121094,0.005513429641723633,0.11285877227783203,2.8835134506225586,0.23301410675048828,3.3042728916699478,12.374844986145957,0.6820461384152458,0.6820461384152458,True,3,200
Subject_1,1910,914,30,,30.0,0.7294044494628906,0.31980085372924805,0.2043321132659912,0.10058808326721191,0.006014108657836914,0.29795074462890625,6.471336364746094,0.5250723361968994,3.569700512583559,12.324656849412413,0.7778993435448578,0.7778993435448578,True,3,400
Subject_2,1911,913,30,,30.0,0.6646490097045898,0.3325328826904297,0.183624267578125,0.08312416076660156,0.005511045455932617,0.21111607551574707,5.26224422454834,0.48102474212646484,3.6196142180488615,10.939653958932654,0.6801752464403067,0.6801752464403067,True,3,400
Subject_3,1827,997,30,,30.0,0.6445472240447998,0.3136758804321289,0.19210100173950195,0.0885622501373291,0.00575566291809082,0.22965002059936523,5.7734375,0.45244622230529785,3.3552517592741986,12.76049443088122,0.6850551654964895,0.6850551654964895,True,3,400
Subject_1,1910,914,50,,50.0,0.09359526634216309,0.041812896728515625,0.044655561447143555,0.005000114440917969,0.006097078323364258,0.015017032623291016,0.3477048873901367,0.04893970489501953,2.0959375116791867,7.104760605647251,0.7789934354485777,0.7789934354485777,True,3,25
Subject_2,1911,913,50,,50.0,0.08951544761657715,0.04123854637145996,0.03986978530883789,0.0031206607818603516,0.004499912261962891,0.013265132904052734,0.28490543365478516,0.04964566230773926,2.245195125159963,5.73877798001239,0.6801752464403067,0.6801752464403067,True,3,25
Subject_3,1827,997,50,,50.0,0.0827171802520752,0.0323028564453125,0.0408329963684082,0.004523038864135742,0.005731344223022461,0.014258623123168945,0.30772972106933594,0.04188418388366699,2.0257435801618535,7.347158104454248,0.6890672016048145,0.6890672016048145,True,3,25
Subject_1,1910,914,50,,50.0,0.12312555313110352,0.05669569969177246,0.049098968505859375,0.00995779037475586,0.00651097297668457,0.029088735580444336,0.6904764175415039,0.07402658462524414,2.507701421800948,9.327411510837708,0.7888402625820569,0.7888402625820569,True,3,50
Subject_2,1911,913,50,,50.0,0.11762237548828125,0.0551304817199707,0.046059608459472656,0.008580446243286133,0.005258321762084961,0.024743080139160156,0.5658903121948242,0.0715627670288086,2.5536989875147524,7.907608043817215,0.6900328587075575,0.6900328587075575,True,3,50
Subject_3,1827,997,50,,50.0,0.11681675910949707,0.053916215896606445,0.04748988151550293,0.009525537490844727,0.005389690399169922,0.026189565658569336,0.6168241500854492,0.06932687759399414,2.4598241853132987,8.897330609605953,0.6920762286860582,0.6920762286860582,True,3,50
Subject_1,1910,914,50,,50.0,0.20198535919189453,0.09881067276000977,0.05765795707702637,0.018887758255004883,0.006083011627197266,0.055617332458496094,1.3789072036743164,0.14432740211486816,3.503165381355056,9.554022198617997,0.7855579868708972,0.7855579868708972,True,3,100
Subject_2,1911,913,50,,50.0,0.19156885147094727,0.09751224517822266,0.05153775215148926,0.01769709587097168,0.002003908157348633,0.047664642333984375,1.130910873413086,0.140031099319458,3.7170587282862626,8.076140792361404,0.7042716319824753,0.7042716319824753,True,3,100
Subject_3,1827,997,50,,50.0,0.18984079360961914,0.09048604965209961,0.05601620674133301,0.018596410751342773,0.005523681640625,0.0504460334777832,1.2255373001098633,0.13382458686828613,3.3890333646876556,9.157788779995046,0.6920762286860582,0.6920762286860582,True,3,100
Subject_1,1910,914,50,,50.0,0.3529198169708252,0.17348909378051758,0.10252571105957031,0.0425105094909668,0.0061452388763427734,0.12081432342529297,2.768141746520996,0.2503941059112549,3.4422567112533256,11.055139402930218,0.7888402625820569,0.7888402625820569,True,3,200
Subject_2,1911,913,50,,50.0,0.31842732429504395,0.1661357879638672,0.0959768295288086,0.035898447036743164,0.0056610107421875,0.09333181381225586,2.2592391967773438,0.22245049476623535,3.317752064309065,10.156143726052356,0.7064622124863089,0.7064622124863089,True,3,200
Subject_3,1827,997,50,,50.0,0.33430981636047363,0.1752305030822754,0.09703230857849121,0.03889918327331543,0.0057599544525146484,0.10126996040344238,2.435924530029297,0.23727750778198242,3.4453453829766847,10.266141754436735,0.6890672016048145,0.6890672016048145,True,3,200
Subject_1,1910,914,50,,50.0,0.6897828578948975,0.32311224937438965,0.1916801929473877,0.08630728721618652,0.005935192108154297,0.2653324604034424,5.526826858520508,0.49810266494750977,3.598613123705634,11.095758459961115,0.7910284463894968,0.7910284463894968,True,3,400
Subject_2,1911,913,50,,50.0,0.608489990234375,0.32244300842285156,0.20015978813171387,0.07340431213378906,0.006166696548461914,0.18653392791748047,4.51334285736084,0.40833020210266113,3.0400211546684996,11.053169307878209,0.7086527929901424,0.7086527929901424,True,3,400
Subject_3,1827,997,50,,50.0,0.6184449195861816,0.31464099884033203,0.1787867546081543,0.07676887512207031,0.005867958068847656,0.20359110832214355,4.873461723327637,0.43965816497802734,3.459120452975519,11.084661019706518,0.6870611835506519,0.6870611835506519,True,3,400
Subject_1,1910,914,149,,,0.08909320831298828,0.04244828224182129,0.040021419525146484,0.005512237548828125,0.0010004043579101562,0.014491081237792969,0.3243217468261719,0.0490717887878418,2.226138137279432,6.6091282758888745,0.7363238512035011,0.7363238512035011,True,3,25
Subject_2,1911,913,149,,,0.08647632598876953,0.040540218353271484,0.03860878944396973,0.004515409469604492,0.0016057491302490234,0.012778997421264648,0.2718687057495117,0.047867536544799805,2.2398093085582667,5.679605122253712,0.7294633077765608,0.7294633077765608,True,3,25
Subject_3,1827,997,149,,,0.08606553077697754,0.03928089141845703,0.03608822822570801,0.005010843276977539,0.0,0.013513326644897461,0.28951358795166016,0.04997730255126953,2.3848644006210153,5.792901440702223,0.708124373119358,0.708124373119358,True,3,25
Subject_1,1910,914,149,,,0.12296581268310547,0.05655384063720703,0.043042659759521484,0.008876800537109375,0.002010822296142578,0.027352571487426758,0.6434297561645508,0.07992315292358398,2.8568358314777273,8.050605270537137,0.7407002188183808,0.7407002188183808,True,3,50
Subject_2,1911,913,149,,,0.11501836776733398,0.056479692459106445,0.04324674606323242,0.009263277053833008,0.0015261173248291016,0.02441120147705078,0.5381298065185547,0.07177162170410156,2.6595843210761343,7.497807542055329,0.7349397590361446,0.7349397590361446,True,3,50
Subject_3,1827,997,149,,,0.13265705108642578,0.06456613540649414,0.04070615768432617,0.00819849967956543,0.0010006427764892578,0.03504371643066406,0.5748500823974609,0.09195089340209961,3.2588939519955016,6.251707418259134,0.728184553660983,0.728184553660983,True,3,50
Subject_1,1910,914,149,,,0.2110905647277832,0.10396528244018555,0.05074000358581543,0.017858505249023438,0.0012302398681640625,0.051902055740356445,1.2806882858276367,0.16035056114196777,4.16023945230454,7.986802644823726,0.7308533916849015,0.7308533916849015,True,3,100
Subject_2,1911,913,149,,,0.20485758781433105,0.10494565963745117,0.04912519454956055,0.01636815071105957,0.0010197162628173828,0.04638481140136719,1.071272850036621,0.1557323932647705,4.170112499150675,6.878933968575711,0.7458926615553122,0.7458926615553122,True,3,100
Subject_3,1827,997,149,,,0.19526052474975586,0.10135793685913086,0.049988746643066406,0.015598773956298828,0.0010085105895996094,0.0483860969543457,1.147542953491211,0.14527177810668945,3.9060896274109544,7.899283456477284,0.7362086258776329,0.7362086258776329,True,3,100
Subject_1,1910,914,149,,,0.3343160152435303,0.17911052703857422,0.09266996383666992,0.03854227066040039,0.0012865066528320312,0.1032094955444336,2.559878349304199,0.24164605140686035,3.607598421347823,10.593503739873334,0.7417943107221007,0.7417943107221007,True,3,200
Subject_2,1911,913,149,,,0.32730603218078613,0.18517208099365234,0.08833026885986328,0.03316855430603027,0.0020029544830322266,0.0889592170715332,2.139007568359375,0.23897576332092285,3.7054798587793263,8.95073014365428,0.7426067907995619,0.7426067907995619,True,3,200
Subject_3,1827,997,149,,,0.33225178718566895,0.18460774421691895,0.12740111351013184,0.07293462753295898,0.0013468265533447266,0.09430456161499023,2.280959129333496,0.2048506736755371,2.6079190207332523,11.134740679185201,0.728184553660983,0.728184553660983,True,3,200
Subject_1,1910,914,149,,,0.647590160369873,0.3473317623138428,0.17759132385253906,0.07962608337402344,0.0015177726745605469,0.20356130599975586,5.124361991882324,0.469998836517334,3.646519133488707,10.902924845205087,0.7352297592997812,0.7352297592997812,True,3,400
Subject_2,1911,913,149,,,0.6345064640045166,0.34767580032348633,0.16593289375305176,0.07026529312133789,0.0005044937133789062,0.17896580696105957,4.269183158874512,0.46857357025146484,3.823873914648988,9.111019976187327,0.7415115005476451,0.7415115005476451,True,3,400
Subject_3,1827,997,149,,,0.6469426155090332,0.3442368507385254,0.16997790336608887,0.07364344596862793,0.0009999275207519531,0.1975843906402588,4.574418067932129,0.47696471214294434,3.8060395068862833,9.590684491898417,0.7311935807422267,0.7311935807422267,True,3,400
Subject_1,28571,914,30,,30.0,0.45783209800720215,0.21901631355285645,0.13978147506713867,0.04651165008544922,0.05810070037841797,0.14738869667053223,4.448032379150391,0.3180506229400635,3.275341727416312,13.985296862596055,0.7724288840262582,0.7724288840262582,True,30,25
Subject_10,28492,993,30,,30.0,0.45984315872192383,0.22713780403137207,0.1313624382019043,0.04532122611999512,0.05576467514038086,0.1441974639892578,4.345207214355469,0.32848072052001953,3.500568084882408,13.228195577130215,0.7502517623363545,0.7502517623363545,True,30,25
Subject_11,28501,984,30,,30.0,0.4603114128112793,0.22128009796142578,0.1383962631225586,0.04764199256896973,0.05802655220031738,0.14794445037841797,4.492044448852539,0.3219151496887207,3.326039319455068,13.954125654527815,0.7957317073170732,0.7957317073170732,True,30,25
Subject_1,28571,914,30,,30.0,0.7259693145751953,0.3424570560455322,0.18698787689208984,0.09766268730163574,0.05760550498962402,0.2916288375854492,8.907800674438477,0.5389814376831055,3.8824405444966366,16.527101031029986,0.7691466083150985,0.7691466083150985,True,30,50
Subject_10,28492,993,30,,30.0,0.7682497501373291,0.3651003837585449,0.19419550895690918,0.0962064266204834,0.06197643280029297,0.30528926849365234,8.671558380126953,0.5740542411804199,3.956063424246331,15.105817112849381,0.7603222557905337,0.7603222557905337,True,30,50
Subject_11,28501,984,30,,30.0,0.7930495738983154,0.38367295265197754,0.20143985748291016,0.1031181812286377,0.05705142021179199,0.31775927543640137,8.97246265411377,0.5916097164154053,3.9369049591667653,15.166185417775756,0.7947154471544715,0.7947154471544715,True,30,50
Subject_1,28571,914,30,,30.0,1.3777477741241455,0.6320772171020508,0.30817747116088867,0.20173883438110352,0.057828426361083984,0.6333658695220947,17.80814552307129,1.0695703029632568,4.470631058572324,16.649812989135558,0.7735229759299781,0.7735229759299781,True,30,100
Subject_10,28492,993,30,,30.0,1.3263564109802246,0.5874814987182617,0.30624866485595703,0.1945207118988037,0.05673670768737793,0.6209025382995605,17.343512535095215,1.0201077461242676,4.330978590891397,17.001647719066003,0.7653575025176234,0.7653575025176234,True,30,100
Subject_11,28501,984,30,,30.0,1.345841407775879,0.5995767116546631,0.306337833404541,0.2135152816772461,0.05461764335632324,0.6347534656524658,17.90770149230957,1.039503574371338,4.39332417030775,17.227166826376365,0.7936991869918699,0.7936991869918699,True,30,100
Subject_1,28571,914,30,,30.0,2.5752575397491455,1.0919513702392578,0.5619375705718994,0.43094730377197266,0.05921196937561035,1.3019955158233643,35.624632835388184,2.013319969177246,4.582817869124207,17.69447151013278,0.7680525164113785,0.7680525164113785,True,30,200
Subject_10,28492,993,30,,30.0,2.475005865097046,1.082108736038208,0.5421044826507568,0.4126858711242676,0.05932426452636719,1.2551662921905518,34.66665077209473,1.932901382446289,4.565551373039528,17.935033358101514,0.7633434038267876,0.7633434038267876,True,30,200
Subject_11,28501,984,30,,30.0,2.478809356689453,1.1058094501495361,0.5846965312957764,0.4478006362915039,0.06031441688537598,1.2475190162658691,35.792181968688965,1.8941128253936768,4.239480181618377,18.896541688982985,0.7876016260162602,0.7876016260162602,True,30,200
Subject_1,28571,914,30,,30.0,4.864623308181763,2.1321544647216797,1.1031460762023926,0.9243121147155762,0.05689358711242676,2.5586047172546387,71.2149429321289,3.76147723197937,4.4097725705813575,18.932706099261452,0.7691466083150985,0.7691466083150985,True,30,400
Subject_10,28492,993,30,,30.0,4.768871545791626,2.0994532108306885,1.0456650257110596,0.8756344318389893,0.05187344551086426,2.5007164478302,69.28616142272949,3.7232065200805664,4.5606111216627525,18.60927161817234,0.7583081570996979,0.7583081570996979,True,30,400
Subject_11,28501,984,30,,30.0,4.845510482788086,2.125185489654541,1.0947721004486084,0.9139184951782227,0.05826544761657715,2.555802345275879,71.52684879302979,3.7507383823394775,4.426044909988595,19.070071410423402,0.7997967479674797,0.7997967479674797,True,30,400
Subject_1,28571,914,50,,50.0,0.5590879917144775,0.30882906913757324,0.14109587669372559,0.041017770767211914,0.06110334396362305,0.15640926361083984,3.973465919494629,0.41799211502075195,3.962468676020068,9.506078647673435,0.7407002188183808,0.7407002188183808,True,30,25
Subject_10,28492,993,50,,50.0,0.5274002552032471,0.28664660453796387,0.1374797821044922,0.04248976707458496,0.05979776382446289,0.14946436882019043,3.9037342071533203,0.3899204730987549,3.836202291929688,10.011616410212511,0.7754279959718026,0.7754279959718026,True,30,25
Subject_11,28501,984,50,,50.0,0.5138206481933594,0.283113956451416,0.13072586059570312,0.04114270210266113,0.057374000549316406,0.13997626304626465,4.014688491821289,0.38309478759765625,3.9305202953106306,10.47962181108478,0.8252032520325203,0.8252032520325203,True,30,25
Subject_1,28571,914,50,,50.0,0.8029687404632568,0.43221473693847656,0.1810305118560791,0.08295726776123047,0.06261587142944336,0.2727034091949463,7.966039657592773,0.6219382286071777,4.435543667365998,12.80840972813749,0.7483588621444202,0.7483588621444202,True,30,50
Subject_10,28492,993,50,,50.0,0.8004515171051025,0.43331432342529297,0.16605567932128906,0.07778286933898926,0.056267499923706055,0.2765626907348633,7.781188011169434,0.6343958377838135,4.82038025062887,12.265509241599204,0.7673716012084593,0.7673716012084593,True,30,50
Subject_11,28501,984,50,,50.0,0.7864990234375,0.4096696376800537,0.17792630195617676,0.08575057983398438,0.058152198791503906,0.28196239471435547,8.047773361206055,0.6085727214813232,4.420364020330252,13.224012639963581,0.8160569105691057,0.8160569105691057,True,30,50
Subject_1,28571,914,50,,50.0,1.3980951309204102,0.7345459461212158,0.32481980323791504,0.20843100547790527,0.05427074432373047,0.5524437427520752,15.959583282470703,1.0732753276824951,4.304217652322054,14.869980582645047,0.7483588621444202,0.7483588621444202,True,30,100
Subject_10,28492,993,50,,50.0,1.4012081623077393,0.724686861038208,0.29074692726135254,0.17643332481384277,0.060307979583740234,0.5621981620788574,15.555350303649902,1.1104612350463867,4.8193395387054,14.008008395718665,0.7673716012084593,0.7673716012084593,True,30,100
Subject_11,28501,984,50,,50.0,1.453601598739624,0.7358829975128174,0.3163144588470459,0.1948244571685791,0.06235980987548828,0.6007022857666016,16.06554889678955,1.1372871398925781,4.595432039489899,14.12620290273133,0.818089430894309,0.818089430894309,True,30,100
Subject_1,28571,914,50,,50.0,2.7704155445098877,1.386002779006958,0.52305006980896,0.38347649574279785,0.06016802787780762,1.1915888786315918,31.901870727539062,2.2473654747009277,5.296654573665884,14.19523040941281,0.7472647702407003,0.7472647702407003,True,30,200
Subject_10,28492,993,50,,50.0,2.664361000061035,1.3531014919281006,0.5193593502044678,0.3808286190032959,0.05996990203857422,1.1733925342559814,31.071533203125,2.1450016498565674,5.1300915233587245,14.485552123096362,0.771399798590131,0.771399798590131,True,30,200
Subject_11,28501,984,50,,50.0,2.7129225730895996,1.4040195941925049,0.5262298583984375,0.3954017162322998,0.05207991600036621,1.1780645847320557,32.11409854888916,2.186692714691162,5.155394605213559,14.686150611438242,0.8191056910569106,0.8191056910569106,True,30,200
Subject_1,28571,914,50,,50.0,5.1516358852386475,2.6568822860717773,0.9811089038848877,0.7979519367218018,0.060247182846069336,2.3152108192443848,63.707496643066406,4.17052698135376,5.2508298159763545,15.275646681558419,0.75054704595186,0.75054704595186,True,30,400
Subject_10,28492,993,50,,50.0,5.148273229598999,2.6674749851226807,0.9429857730865479,0.7632014751434326,0.057952880859375,2.3152811527252197,62.084540367126465,4.205287456512451,5.459544965082403,14.76344744780294,0.7724068479355488,0.7724068479355488,True,30,400
Subject_11,28501,984,50,,50.0,5.2071616649627686,2.64943265914917,0.9786064624786377,0.8061227798461914,0.059224843978881836,2.3811874389648438,64.18442058563232,4.228555202484131,5.320996605493434,15.178806356347478,0.8211382113821138,0.8211382113821138,True,30,400
Subject_1,28571,914,149,,,0.5967075824737549,0.4089524745941162,0.08658480644226074,0.0413823127746582,0.007554531097412109,0.142869234085083,3.83554744720459,0.5101227760314941,6.891596886246671,7.51887119615257,0.7921225382932167,0.7921225382932167,True,30,25
Subject_10,28492,993,149,,,0.591883659362793,0.40756869316101074,0.08345842361450195,0.03532767295837402,0.008264541625976562,0.13723492622375488,3.7265310287475586,0.508425235748291,7.0919582916726185,7.32955558994415,0.770392749244713,0.770392749244713,True,30,25
Subject_11,28501,984,149,,,0.6016771793365479,0.41410040855407715,0.08594417572021484,0.039515018463134766,0.00841069221496582,0.1415247917175293,3.8437910079956055,0.515733003616333,7.000790621289628,7.453063854829621,0.8313008130081301,0.8313008130081301,True,30,25
Subject_1,28571,914,149,,,0.9163384437561035,0.6089327335357666,0.1298818588256836,0.08374404907226562,0.006560802459716797,0.26723670959472656,7.671748161315918,0.7864565849304199,7.055168843756196,9.754827295386763,0.7899343544857768,0.7899343544857768,True,30,50
Subject_10,28492,993,149,,,0.9150245189666748,0.6076169013977051,0.12061405181884766,0.07884359359741211,0.007514238357543945,0.26606011390686035,7.451183319091797,0.7944104671478271,7.586384050350667,9.37951301906153,0.7643504531722054,0.7643504531722054,True,30,50
Subject_11,28501,984,149,,,0.9397003650665283,0.6212880611419678,0.11804842948913574,0.07457852363586426,0.005260944366455078,0.2747833728790283,7.700630187988281,0.8216519355773926,7.960295356178466,9.372131744053986,0.8353658536585366,0.8353658536585366,True,30,50
Subject_1,28571,914,149,,,1.6151723861694336,1.0199124813079834,0.2362203598022461,0.1791675090789795,0.008041858673095703,0.5435993671417236,15.394312858581543,1.3789520263671875,6.837566361856315,11.163776958316275,0.7888402625820569,0.7888402625820569,True,30,100
Subject_10,28492,993,149,,,1.6545166969299316,1.0700571537017822,0.22271108627319336,0.1703188419342041,0.006512880325317383,0.5237281322479248,14.901968002319336,1.4318056106567383,7.428982205674229,10.407815063306062,0.7613293051359517,0.7613293051359517,True,30,100
Subject_11,28501,984,149,,,1.600844144821167,1.0260353088378906,0.2278308868408203,0.1622617244720459,0.008372306823730469,0.5219540596008301,15.405558586120605,1.3730132579803467,7.026457944394679,11.220254791116606,0.8394308943089431,0.8394308943089431,True,30,100
Subject_1,28571,914,149,,,3.098299980163574,1.9121601581573486,0.4465179443359375,0.3610520362854004,0.008418798446655273,1.0773136615753174,30.772841453552246,2.6517820358276367,6.9388028397635235,11.604589305526336,0.799781181619256,0.799781181619256,True,30,200
Subject_10,28492,993,149,,,3.0172011852264404,1.9113836288452148,0.41828250885009766,0.33719539642333984,0.006013393402099609,1.0437989234924316,29.781461715698242,2.5989186763763428,7.213309477178575,11.459174150544165,0.7603222557905337,0.7603222557905337,True,30,200
Subject_11,28501,984,149,,,3.111520528793335,1.9063231945037842,0.4519035816192627,0.3712430000305176,0.010364055633544922,1.1399903297424316,30.837146759033203,2.6596169471740723,6.88536372658106,11.594581991139233,0.8384146341463414,0.8384146341463414,True,30,200
Subject_1,28571,914,149,,,6.102122068405151,3.701389789581299,0.8783252239227295,0.7599380016326904,0.008024215698242188,2.2974746227264404,61.49979305267334,5.223796844482422,6.94745169807623,11.773006279452046,0.7975929978118161,0.7975929978118161,True,30,400
Subject_10,28492,993,149,,,5.935373306274414,3.6949567794799805,0.8493273258209229,0.729520320892334,0.008170366287231445,2.136413812637329,59.51653575897217,5.086045980453491,6.988322553424901,11.70192640564084,0.7643504531722054,0.7643504531722054,True,30,400
Subject_11,28501,984,149,,,6.016046524047852,3.727980136871338,0.8564605712890625,0.7444958686828613,0.008416414260864258,2.173245429992676,61.65771293640137,5.159585952758789,7.024312298455344,11.950128072473236,0.8302845528455285,0.8302845528455285,True,30,400
Subject_1,118845,914,30,,30.0,2.0371251106262207,1.0229175090789795,0.4928019046783447,0.2189478874206543,0.24010109901428223,0.7418441772460938,20.10811710357666,1.544323205947876,4.13376062731711,13.020666286779447,0.675054704595186,0.675054704595186,True,128,25
Subject_10,118766,993,30,,30.0,2.009777307510376,0.9946231842041016,0.49063849449157715,0.23164725303649902,0.22394800186157227,0.7584524154663086,20.556535720825195,1.5191388130187988,4.096248725027176,13.53170332076218,0.7039274924471299,0.7039274924471299,True,128,25
Subject_100,118763,996,30,,30.0,2.0400028228759766,1.0315754413604736,0.49541664123535156,0.22516369819641113,0.23354387283325195,0.7397861480712891,20.465229988098145,1.544586181640625,4.117751914407044,13.249652386738585,0.8333333333333334,0.8333333333333334,True,128,25
Subject_1,118845,914,30,,30.0,3.354274272918701,1.6386830806732178,0.7239799499511719,0.4398689270019531,0.24744176864624023,1.4332232475280762,40.154324531555176,2.6302943229675293,4.6331038216526945,15.266095577567377,0.6663019693654267,0.6663019693654267,True,128,50
Subject_10,118766,993,30,,30.0,3.388667345046997,1.5825836658477783,0.7495753765106201,0.46849513053894043,0.24271893501281738,1.528451919555664,41.0838737487793,2.639091968536377,4.520782634058398,15.567427826914324,0.7069486404833837,0.7069486404833837,True,128,50
Subject_100,118763,996,30,,30.0,3.367149829864502,1.575920581817627,0.75425124168396,0.46346068382263184,0.2515084743499756,1.5027008056640625,40.86967658996582,2.612898588180542,4.464228421218001,15.64150892607925,0.8423694779116466,0.8423694779116466,True,128,50
Subject_1,118845,914,30,,30.0,5.937592267990112,2.7302675247192383,1.201463222503662,0.9128677845001221,0.2401430606842041,2.9090728759765625,80.31949996948242,4.73612904548645,4.941967558205482,16.95889178653762,0.6673960612691466,0.6673960612691466,True,128,100
Subject_10,118766,993,30,,30.0,6.062703371047974,2.7249186038970947,1.2562849521636963,0.9559271335601807,0.2406013011932373,3.0397777557373047,82.16259384155273,4.806418418884277,4.825898265044245,17.09434898941347,0.7109768378650554,0.7109768378650554,True,128,100
Subject_100,118763,996,30,,30.0,6.0923895835876465,2.8369052410125732,1.2272508144378662,0.9263699054718018,0.24251222610473633,2.9623162746429443,81.68817329406738,4.86513876914978,4.964257926671838,16.79051249515397,0.8493975903614458,0.8493975903614458,True,128,100
Subject_1,118845,914,30,,30.0,11.402777433395386,5.1673643589019775,2.1145753860473633,1.812016487121582,0.2263476848602295,5.9423627853393555,160.74874687194824,9.288202047348022,5.3924667375939945,17.306766805083164,0.6673960612691466,0.6673960612691466,True,128,200
Subject_10,118766,993,30,,30.0,11.34671425819397,5.159180402755737,2.15205454826355,1.8367769718170166,0.23830246925354004,5.874838590621948,164.35315418243408,9.19465970993042,5.272503091220159,17.87484902839083,0.7099697885196374,0.7099697885196374,True,128,200
Subject_100,118763,996,30,,30.0,11.368281364440918,5.200690269470215,2.1126086711883545,1.8108015060424805,0.22470951080322266,5.878391981124878,163.43142795562744,9.255672693252563,5.381158147971718,17.657433810809867,0.8514056224899599,0.8514056224899599,True,128,200
Subject_1,118845,914,30,,30.0,21.80277943611145,9.969975233078003,3.889183521270752,3.5376830101013184,0.24404478073120117,11.472398519515991,321.55022716522217,17.9135959148407,5.60600427232799,17.95006589932235,0.6739606126914661,0.6739606126914661,True,128,400
Subject_10,118766,993,30,,30.0,22.163337469100952,10.026531457901001,3.993710517883301,3.6359305381774902,0.24056625366210938,11.780395984649658,328.65682792663574,18.16962695121765,5.549560332391769,18.088254030147304,0.7190332326283988,0.7190332326283988,True,128,400
Subject_100,118763,996,30,,30.0,22.299185752868652,10.171987056732178,3.97660493850708,3.611196994781494,0.2472085952758789,11.763171434402466,326.7644290924072,18.322580814361572,5.607593939477513,17.833973958312868,0.856425702811245,0.856425702811245,True,128,400
Subject_1,118845,914,50,,50.0,2.16996431350708,1.2921488285064697,0.4728517532348633,0.19324874877929688,0.24675440788269043,0.5966389179229736,16.976819038391113,1.6971125602722168,4.5891007036813685,10.003354777875211,0.7210065645514223,0.7210065645514223,True,128,25
Subject_10,118766,993,50,,50.0,2.216062545776367,1.2984206676483154,0.46529126167297363,0.18700933456420898,0.24611377716064453,0.6387927532196045,17.32904624938965,1.7507712841033936,4.762742669631113,9.897949781752454,0.7150050352467271,0.7150050352467271,True,128,25
Subject_100,118763,996,50,,50.0,2.171661138534546,1.2793493270874023,0.45030784606933594,0.18848180770874023,0.22555088996887207,0.634361743927002,17.251195907592773,1.72135329246521,4.822614479162696,10.021879868069812,0.8493975903614458,0.8493975903614458,True,128,25
Subject_1,118845,914,50,,50.0,3.628225326538086,2.0662646293640137,0.6408872604370117,0.37015676498413086,0.23728585243225098,1.2409939765930176,33.92274570465088,2.987338066101074,5.661253625269524,11.35550947165654,0.7221006564551422,0.7221006564551422,True,128,50
Subject_10,118766,993,50,,50.0,3.460226058959961,1.9580700397491455,0.6314802169799805,0.37394046783447266,0.22472810745239258,1.2447242736816406,34.617366790771484,2.8287458419799805,5.479547840007249,12.237708413754508,0.7190332326283988,0.7190332326283988,True,128,50
Subject_100,118763,996,50,,50.0,3.5044500827789307,1.9880168437957764,0.6510283946990967,0.3739454746246338,0.2416553497314453,1.2391271591186523,34.468459129333496,2.853421688079834,5.382945062478691,12.0796933987449,0.8664658634538153,0.8664658634538153,True,128,50
Subject_1,118845,914,50,,50.0,6.250931024551392,3.4755187034606934,1.0289385318756104,0.742556095123291,0.24246668815612793,2.4791805744171143,67.73239326477051,5.221992492675781,6.07512580285707,12.970603339581595,0.7231947483588621,0.7231947483588621,True,128,100
Subject_10,118766,993,50,,50.0,6.156805515289307,3.411334753036499,1.0525634288787842,0.7575428485870361,0.23810482025146484,2.4533534049987793,69.26470470428467,5.1042420864105225,5.849343941056059,13.57002734817266,0.7119838872104733,0.7119838872104733,True,128,100
Subject_100,118763,996,50,,50.0,6.273027658462524,3.4677846431732178,1.0183515548706055,0.7489304542541504,0.23243260383605957,2.5194509029388428,68.94701099395752,5.254676103591919,6.159982403384843,13.121077233823732,0.8684738955823293,0.8684738955823293,True,128,100
Subject_1,118845,914,50,,50.0,11.871400594711304,6.607850790023804,1.8303720951080322,1.5370514392852783,0.22945356369018555,4.957519769668579,135.4018316268921,10.041028499603271,6.485785391090455,13.48485681842671,0.7231947483588621,0.7231947483588621,True,128,200
Subject_10,118766,993,50,,50.0,12.142221927642822,6.707391977310181,1.8201875686645508,1.5247137546539307,0.2382056713104248,5.13097882270813,138.52200508117676,10.322034358978271,6.670863012514376,13.420029449978346,0.7089627391742196,0.7089627391742196,True,128,200
Subject_100,118763,996,50,,50.0,12.134386539459229,6.83999490737915,1.8420026302337646,1.5231328010559082,0.25429868698120117,4.963244199752808,137.91269302368164,10.292383909225464,6.587605435676973,13.399489781960536,0.8674698795180723,0.8674698795180723,True,128,200
Subject_1,118845,914,50,,50.0,23.05197286605835,12.913647651672363,3.4078426361083984,3.0617072582244873,0.2474215030670166,9.791488409042358,270.76647663116455,19.64413022994995,6.764388889852806,13.783581836489098,0.725382932166302,0.725382932166302,True,128,400
Subject_10,118766,993,50,,50.0,23.165482997894287,12.8463876247406,3.7961270809173584,3.4326171875,0.24207830429077148,9.966997861862183,276.9432306289673,19.36935591697693,6.102399235880217,14.298009278988518,0.7190332326283988,0.7190332326283988,True,128,400
Subject_100,118763,996,50,,50.0,27.954086303710938,14.065356731414795,4.272690534591675,3.851273536682129,0.22015953063964844,13.548144578933716,275.7714738845825,23.681395769119263,6.542501984965875,11.645068414598722,0.8704819277108434,0.8704819277108434,True,128,400
Subject_1,118845,914,149,,,3.1034555435180664,2.3156321048736572,0.27444982528686523,0.21120476722717285,0.0240325927734375,0.7320554256439209,16.096909523010254,2.829005718231201,11.30791590147386,5.689952982164574,0.737417943107221,0.737417943107221,True,128,25
Subject_10,118766,993,149,,,3.1535589694976807,2.283013105392456,0.26071810722351074,0.19803953170776367,0.024376630783081055,0.8106234073638916,16.390518188476562,2.89284086227417,12.095665326360203,5.665890026038752,0.7311178247734139,0.7311178247734139,True,128,25
Subject_100,118763,996,149,,,3.334308624267578,2.382158041000366,0.3061561584472656,0.23961853981018066,0.031189441680908203,0.883427619934082,16.3484525680542,3.0281524658203125,10.890875562256252,5.398820816515749,0.8945783132530121,0.8945783132530121,True,128,25
Subject_1,118845,914,149,,,5.122579574584961,3.516845464706421,0.5061993598937988,0.42624402046203613,0.036898136138916016,1.531810998916626,32.182448387145996,4.616380214691162,10.119687973646753,6.971360002958296,0.74945295404814,0.74945295404814,True,128,50
Subject_10,118766,993,149,,,5.009207487106323,3.4169907569885254,0.49703025817871094,0.41716432571411133,0.04275631904602051,1.5070538520812988,32.842058181762695,4.512177228927612,10.07827472206979,7.27853905454155,0.7341389728096677,0.7341389728096677,True,128,50
Subject_100,118763,996,149,,,4.8244359493255615,3.5374362468719482,0.42522621154785156,0.3554832935333252,0.028532028198242188,1.2243742942810059,32.7103967666626,4.39920973777771,11.345575174597764,7.4355165396561596,0.8845381526104418,0.8845381526104418,True,128,50
Subject_1,118845,914,149,,,8.534981489181519,5.912971019744873,0.8182168006896973,0.7336807250976562,0.029031991958618164,2.5361735820770264,64.28458595275879,7.716764688491821,10.43119804187246,8.33051007096637,0.7527352297592997,0.7527352297592997,True,128,100
Subject_10,118766,993,149,,,8.067168951034546,5.611461162567139,0.8092691898345947,0.7295825481414795,0.029530048370361328,2.368403911590576,65.63336563110352,7.257899761199951,9.96846173358383,9.043024537480292,0.7311178247734139,0.7311178247734139,True,128,100
Subject_100,118763,996,149,,,8.749688148498535,5.5436692237854,0.9908647537231445,0.9014987945556641,0.029283523559570312,3.127166986465454,65.28961563110352,7.758823394775391,8.83035562181604,8.414886163676313,0.893574297188755,0.893574297188755,True,128,100
Subject_1,118845,914,149,,,16.027044773101807,10.872569799423218,1.6845769882202148,1.5866572856903076,0.020241498947143555,5.066426992416382,128.50217628479004,14.342467784881592,9.513987716307737,8.959558300018934,0.7571115973741794,0.7571115973741794,True,128,200
Subject_10,118766,993,149,,,17.524423122406006,11.092761993408203,1.8860771656036377,1.7875666618347168,0.020924806594848633,6.332420110702515,131.30481052398682,15.638345956802368,9.291466670610651,8.396336216546729,0.7371601208459214,0.7371601208459214,True,128,200
Subject_100,118763,996,149,,,17.257009267807007,11.411931276321411,1.7222814559936523,1.6214768886566162,0.020519495010375977,5.7460856437683105,130.66862678527832,15.534727811813354,10.019854308801552,8.411388237257148,0.893574297188755,0.893574297188755,True,128,200
Subject_1,118845,914,149,,,35.359198570251465,22.441797733306885,3.7847959995269775,3.627631187438965,0.03242039680480957,12.773807048797607,256.8779640197754,31.574402570724487,9.342431817902641,8.135639730455278,0.7571115973741794,0.7571115973741794,True,128,400
Subject_10,118766,993,149,,,34.94185757637024,22.121231079101562,3.7715961933135986,3.6250064373016357,0.040584564208984375,12.660097360610962,262.40171241760254,31.17026138305664,9.26447471718108,8.418335322662307,0.7371601208459214,0.7371601208459214,True,128,400
Subject_100,118763,996,149,,,35.5758171081543,22.1664400100708,4.144013404846191,3.996990442276001,0.025036096572875977,13.173892498016357,261.1700429916382,31.431803703308105,8.584870180813212,8.309101362966032,0.8945783132530121,0.8945783132530121,True,128,400
